{
  "hash": "1d93619f",
  "configHash": "511c50fe",
  "lockfileHash": "d8f41e60",
  "browserHash": "a4860d31",
  "optimized": {
    "@angular/common": {
      "src": "../../../../../../node_modules/@angular/common/fesm2022/common.mjs",
      "file": "@angular_common.js",
      "fileHash": "ef8384f1",
      "needsInterop": false
    },
    "@angular/common/http": {
      "src": "../../../../../../node_modules/@angular/common/fesm2022/http.mjs",
      "file": "@angular_common_http.js",
      "fileHash": "3663560a",
      "needsInterop": false
    },
    "@angular/core": {
      "src": "../../../../../../node_modules/@angular/core/fesm2022/core.mjs",
      "file": "@angular_core.js",
      "fileHash": "a0c2c00f",
      "needsInterop": false
    },
    "@angular/forms": {
      "src": "../../../../../../node_modules/@angular/forms/fesm2022/forms.mjs",
      "file": "@angular_forms.js",
      "fileHash": "bc43918c",
      "needsInterop": false
    },
    "@angular/platform-browser": {
      "src": "../../../../../../node_modules/@angular/platform-browser/fesm2022/platform-browser.mjs",
      "file": "@angular_platform-browser.js",
      "fileHash": "15716d91",
      "needsInterop": false
    },
    "@angular/router": {
      "src": "../../../../../../node_modules/@angular/router/fesm2022/router.mjs",
      "file": "@angular_router.js",
      "fileHash": "4d5da9fd",
      "needsInterop": false
    },
    "sweetalert2": {
      "src": "../../../../../../node_modules/sweetalert2/dist/sweetalert2.esm.all.js",
      "file": "sweetalert2.js",
      "fileHash": "01801088",
      "needsInterop": false
    }
  },
  "chunks": {
    "chunk-R5FYAFFG": {
      "file": "chunk-R5FYAFFG.js"
    },
    "chunk-D5KWYWO6": {
      "file": "chunk-D5KWYWO6.js"
    },
    "chunk-ZL6PHI44": {
      "file": "chunk-ZL6PHI44.js"
    },
    "chunk-QZJEI57A": {
      "file": "chunk-QZJEI57A.js"
    },
    "chunk-726EETQA": {
      "file": "chunk-726EETQA.js"
    },
    "chunk-WDMUDEB6": {
      "file": "chunk-WDMUDEB6.js"
    }
  }
}